ProjectDescriptionID,trapVisitID,visitTime,siteName,subSiteName,visitType,catchRawID,commonName,run,fishOrigin,lifeStage,forkLength,totalLength,n,actualCount,releaseID
7,1497,2025-01-01T10:22:29Z,Hallwood,Hallwood 2 RL,Continue trapping,32287,Chinook salmon,Fall,Natural,Fry,33.0,,1,Yes,255
7,1497,2025-01-01T10:22:29Z,Hallwood,Hallwood 2 RL,Continue trapping,32301,Chinook salmon,Fall,Natural,Fry,35.0,,1,Yes,255
7,1497,2025-01-01T10:22:29Z,Hallwood,Hallwood 2 RL,Continue trapping,32296,Chinook salmon,Fall,Natural,Fry,34.0,,1,Yes,255
7,1497,2025-01-01T10:22:29Z,Hallwood,Hallwood 2 RL,Continue trapping,32295,Chinook salmon,Fall,Natural,Fry,35.0,,1,Yes,255
7,1497,2025-01-01T10:22:29Z,Hallwood,Hallwood 2 RL,Continue trapping,32294,Chinook salmon,Fall,Natural,Fry,34.0,,1,Yes,255
7,1497,2025-01-01T10:22:29Z,Hallwood,Hallwood 2 RL,Continue trapping,32293,Chinook salmon,Fall,Natural,Fry,35.0,,1,Yes,255
7,1497,2025-01-01T10:22:29Z,Hallwood,Hallwood 2 RL,Continue trapping,32292,Chinook salmon,Fall,Natural,Fry,38.0,,1,Yes,255
7,1497,2025-01-01T10:22:29Z,Hallwood,Hallwood 2 RL,Continue trapping,32291,Chinook salmon,Fall,Natural,Fry,33.0,,1,Yes,255
7,1497,2025-01-01T10:22:29Z,Hallwood,Hallwood 2 RL,Continue trapping,32290,Chinook salmon,Fall,Natural,Fry,34.0,,1,Yes,255
7,1497,2025-01-01T10:22:29Z,Hallwood,Hallwood 2 RL,Continue trapping,32298,Chinook salmon,Fall,Natural,Fry,32.0,,1,Yes,255
7,1497,2025-01-01T10:22:29Z,Hallwood,Hallwood 2 RL,Continue trapping,32288,Chinook salmon,Fall,Natural,Fry,34.0,,1,Yes,255
7,1497,2025-01-01T10:22:29Z,Hallwood,Hallwood 2 RL,Continue trapping,32299,Chinook salmon,Fall,Natural,Yolk sac fry (alevin),33.0,,1,Yes,255
7,1497,2025-01-01T10:22:29Z,Hallwood,Hallwood 2 RL,Continue trapping,32286,Chinook salmon,Fall,Natural,Fry,34.0,,1,Yes,255
7,1497,2025-01-01T10:22:29Z,Hallwood,Hallwood 2 RL,Continue trapping,32285,Chinook salmon,Fall,Natural,Fry,34.0,,1,Yes,255
7,1497,2025-01-01T10:22:29Z,Hallwood,Hallwood 2 RL,Continue trapping,32284,Chinook salmon,Fall,Natural,Fry,36.0,,1,Yes,255
7,1497,2025-01-01T10:22:29Z,Hallwood,Hallwood 2 RL,Continue trapping,32264,Chinook salmon,Fall,Natural,Fry,35.0,,1,Yes,255
7,1497,2025-01-01T10:22:29Z,Hallwood,Hallwood 2 RL,Continue trapping,32300,Chinook salmon,Fall,Natural,Fry,38.0,,1,Yes,255
7,1497,2025-01-01T10:22:29Z,Hallwood,Hallwood 2 RL,Continue trapping,32257,Unknown lamprey (Entosphenus or Lampetra),Not recorded,Natural,Not recorded,,117.0,1,Yes,255
7,1497,2025-01-01T10:22:29Z,Hallwood,Hallwood 2 RL,Continue trapping,32258,Unknown sculpin (Cottus),Not recorded,Natural,Not recorded,,34.0,1,Yes,255
7,1497,2025-01-01T10:22:29Z,Hallwood,Hallwood 2 RL,Continue trapping,32259,Riffle sculpin,Not recorded,Natural,Not recorded,,90.0,1,Yes,255
7,1497,2025-01-01T10:22:29Z,Hallwood,Hallwood 2 RL,Continue trapping,32260,Sacramento sucker,Not recorded,Natural,Not recorded,74.0,,1,Yes,255
7,1497,2025-01-01T10:22:29Z,Hallwood,Hallwood 2 RL,Continue trapping,32261,Sacramento sucker,Not recorded,Natural,Not recorded,62.0,,1,Yes,255
7,1497,2025-01-01T10:22:29Z,Hallwood,Hallwood 2 RL,Continue trapping,32289,Chinook salmon,Fall,Natural,Fry,35.0,,1,Yes,255
7,1497,2025-01-01T10:22:29Z,Hallwood,Hallwood 2 RL,Continue trapping,32281,Chinook salmon,Fall,Natural,Fry,31.0,,1,Yes,255
7,1497,2025-01-01T10:22:29Z,Hallwood,Hallwood 2 RL,Continue trapping,32278,Chinook salmon,Fall,Natural,Fry,34.0,,1,Yes,255
7,1497,2025-01-01T10:22:29Z,Hallwood,Hallwood 2 RL,Continue trapping,32269,Chinook salmon,Fall,Natural,Yolk sac fry (alevin),33.0,,1,Yes,255
7,1497,2025-01-01T10:22:29Z,Hallwood,Hallwood 2 RL,Continue trapping,32277,Chinook salmon,Fall,Natural,Fry,33.0,,1,Yes,255
7,1497,2025-01-01T10:22:29Z,Hallwood,Hallwood 2 RL,Continue trapping,32276,Chinook salmon,Fall,Natural,Fry,35.0,,1,Yes,255
7,1497,2025-01-01T10:22:29Z,Hallwood,Hallwood 2 RL,Continue trapping,32275,Chinook salmon,Fall,Natural,Fry,37.0,,1,Yes,255
7,1497,2025-01-01T10:22:29Z,Hallwood,Hallwood 2 RL,Continue trapping,32274,Chinook salmon,Fall,Natural,Fry,37.0,,1,Yes,255
7,1497,2025-01-01T10:22:29Z,Hallwood,Hallwood 2 RL,Continue trapping,32273,Chinook salmon,Fall,Natural,Fry,33.0,,1,Yes,255
7,1497,2025-01-01T10:22:29Z,Hallwood,Hallwood 2 RL,Continue trapping,32272,Chinook salmon,Fall,Natural,Fry,31.0,,1,Yes,255
7,1497,2025-01-01T10:22:29Z,Hallwood,Hallwood 2 RL,Continue trapping,32271,Chinook salmon,Fall,Natural,Fry,38.0,,1,Yes,255
7,1497,2025-01-01T10:22:29Z,Hallwood,Hallwood 2 RL,Continue trapping,32297,Chinook salmon,Fall,Natural,Fry,37.0,,1,Yes,255
7,1497,2025-01-01T10:22:29Z,Hallwood,Hallwood 2 RL,Continue trapping,32280,Chinook salmon,Fall,Natural,Fry,35.0,,1,Yes,255
7,1497,2025-01-01T10:22:29Z,Hallwood,Hallwood 2 RL,Continue trapping,32279,Chinook salmon,Fall,Natural,Fry,36.0,,1,Yes,255
7,1497,2025-01-01T10:22:29Z,Hallwood,Hallwood 2 RL,Continue trapping,32282,Chinook salmon,Fall,Natural,Fry,26.0,,1,Yes,255
7,1497,2025-01-01T10:22:29Z,Hallwood,Hallwood 2 RL,Continue trapping,32283,Chinook salmon,Fall,Natural,Fry,38.0,,1,Yes,255
7,1497,2025-01-01T10:22:29Z,Hallwood,Hallwood 2 RL,Continue trapping,32302,Chinook salmon,Fall,Natural,Fry,35.0,,1,Yes,255
7,1497,2025-01-01T10:22:29Z,Hallwood,Hallwood 2 RL,Continue trapping,32268,Chinook salmon,Fall,Natural,Fry,32.0,,1,Yes,255
7,1497,2025-01-01T10:22:29Z,Hallwood,Hallwood 2 RL,Continue trapping,32265,Chinook salmon,Fall,Natural,Fry,35.0,,1,Yes,255
7,1497,2025-01-01T10:22:29Z,Hallwood,Hallwood 2 RL,Continue trapping,32267,Chinook salmon,Fall,Natural,Fry,33.0,,1,Yes,255
7,1497,2025-01-01T10:22:29Z,Hallwood,Hallwood 2 RL,Continue trapping,32266,Chinook salmon,Fall,Natural,Fry,31.0,,1,Yes,255
7,1497,2025-01-01T10:22:29Z,Hallwood,Hallwood 2 RL,Continue trapping,32262,Smallmouth bass,Not recorded,Natural,Not recorded,33.0,,1,Yes,255
7,1497,2025-01-01T10:22:29Z,Hallwood,Hallwood 2 RL,Continue trapping,32263,Golden shiner,Not recorded,Natural,Not recorded,108.0,,1,Yes,255
7,1497,2025-01-01T10:22:29Z,Hallwood,Hallwood 2 RL,Continue trapping,32270,Chinook salmon,Fall,Natural,Yolk sac fry (alevin),31.0,,1,Yes,255
7,1490,2025-01-01T10:27:00Z,Hallwood,Hallwood 1 RR,Continue trapping,32095,Pacific lamprey,Not recorded,Natural,Not recorded,,122.0,1,Yes,255
7,1490,2025-01-01T10:27:00Z,Hallwood,Hallwood 1 RR,Continue trapping,32092,Sacramento pikeminnow,Not recorded,Natural,Not recorded,43.0,,1,Yes,255
7,1490,2025-01-01T10:27:00Z,Hallwood,Hallwood 1 RR,Continue trapping,32102,Chinook salmon,Fall,Natural,Fry,34.0,,1,Yes,255
7,1490,2025-01-01T10:27:00Z,Hallwood,Hallwood 1 RR,Continue trapping,32103,Chinook salmon,Fall,Natural,Fry,35.0,,1,Yes,255
7,1490,2025-01-01T10:27:00Z,Hallwood,Hallwood 1 RR,Continue trapping,32104,Chinook salmon,Fall,Natural,Fry,35.0,,1,Yes,255
7,1490,2025-01-01T10:27:00Z,Hallwood,Hallwood 1 RR,Continue trapping,32097,Chinook salmon,Fall,Natural,Fry,35.0,,1,Yes,255
7,1490,2025-01-01T10:27:00Z,Hallwood,Hallwood 1 RR,Continue trapping,32100,Chinook salmon,Fall,Natural,Fry,35.0,,1,Yes,255
7,1490,2025-01-01T10:27:00Z,Hallwood,Hallwood 1 RR,Continue trapping,32111,Steelhead / rainbow trout,Not recorded,Natural,Parr,81.0,,1,Yes,255
7,1490,2025-01-01T10:27:00Z,Hallwood,Hallwood 1 RR,Continue trapping,32099,Chinook salmon,Fall,Natural,Fry,35.0,,1,Yes,255
7,1490,2025-01-01T10:27:00Z,Hallwood,Hallwood 1 RR,Continue trapping,32098,Chinook salmon,Fall,Natural,Fry,39.0,,1,Yes,255
7,1490,2025-01-01T10:27:00Z,Hallwood,Hallwood 1 RR,Continue trapping,32096,Chinook salmon,Fall,Natural,Fry,34.0,,1,Yes,255
7,1490,2025-01-01T10:27:00Z,Hallwood,Hallwood 1 RR,Continue trapping,32101,Chinook salmon,Fall,Natural,Fry,35.0,,1,Yes,255
7,1490,2025-01-01T10:27:00Z,Hallwood,Hallwood 1 RR,Continue trapping,32093,Sacramento sucker,Not recorded,Natural,Not recorded,65.0,,1,Yes,255
7,1490,2025-01-01T10:27:00Z,Hallwood,Hallwood 1 RR,Continue trapping,32091,Sacramento pikeminnow,Not recorded,Natural,Not recorded,44.0,,1,Yes,255
7,1490,2025-01-01T10:27:00Z,Hallwood,Hallwood 1 RR,Continue trapping,32090,Sacramento pikeminnow,Not recorded,Natural,Not recorded,30.0,,1,Yes,255
7,1490,2025-01-01T10:27:00Z,Hallwood,Hallwood 1 RR,Continue trapping,32089,Speckled dace,Not recorded,Natural,Not recorded,39.0,,1,Yes,255
7,1490,2025-01-01T10:27:00Z,Hallwood,Hallwood 1 RR,Continue trapping,32105,Chinook salmon,Fall,Natural,Fry,34.0,,1,Yes,255
7,1490,2025-01-01T10:27:00Z,Hallwood,Hallwood 1 RR,Continue trapping,32106,Chinook salmon,Fall,Natural,Fry,34.0,,1,Yes,255
7,1490,2025-01-01T10:27:00Z,Hallwood,Hallwood 1 RR,Continue trapping,32107,Chinook salmon,Fall,Natural,Fry,34.0,,1,Yes,255
7,1490,2025-01-01T10:27:00Z,Hallwood,Hallwood 1 RR,Continue trapping,32108,Chinook salmon,Fall,Natural,Fry,34.0,,1,Yes,255
7,1490,2025-01-01T10:27:00Z,Hallwood,Hallwood 1 RR,Continue trapping,32109,Chinook salmon,Fall,Natural,Fry,35.0,,1,Yes,255
7,1490,2025-01-01T10:27:00Z,Hallwood,Hallwood 1 RR,Continue trapping,32110,Chinook salmon,Fall,Natural,Fry,34.0,,1,Yes,255
7,1490,2025-01-01T10:27:00Z,Hallwood,Hallwood 1 RR,Continue trapping,32094,Unknown lamprey (Entosphenus or Lampetra),Not recorded,Natural,Not recorded,,109.0,1,Yes,255
7,1498,2025-01-02T09:19:32Z,Hallwood,Hallwood 2 RL,Continue trapping,32305,Chinook salmon,Fall,Natural,Fry,36.0,,1,Yes,255
7,1498,2025-01-02T09:19:32Z,Hallwood,Hallwood 2 RL,Continue trapping,32304,Unknown lamprey (Entosphenus or Lampetra),Not recorded,Natural,Not recorded,,121.0,1,Yes,255
7,1498,2025-01-02T09:19:32Z,Hallwood,Hallwood 2 RL,Continue trapping,32306,Chinook salmon,Fall,Natural,Fry,26.0,,1,Yes,255
7,1498,2025-01-02T09:19:32Z,Hallwood,Hallwood 2 RL,Continue trapping,32307,Chinook salmon,Fall,Natural,Fry,34.0,,1,Yes,255
7,1498,2025-01-02T09:19:32Z,Hallwood,Hallwood 2 RL,Continue trapping,32308,Chinook salmon,Fall,Natural,Fry,35.0,,1,Yes,255
7,1498,2025-01-02T09:19:32Z,Hallwood,Hallwood 2 RL,Continue trapping,32309,Chinook salmon,Fall,Natural,Fry,34.0,,1,Yes,255
7,1498,2025-01-02T09:19:32Z,Hallwood,Hallwood 2 RL,Continue trapping,32310,Chinook salmon,Fall,Natural,Fry,34.0,,1,Yes,255
7,1498,2025-01-02T09:19:32Z,Hallwood,Hallwood 2 RL,Continue trapping,32311,Chinook salmon,Fall,Natural,Fry,33.0,,1,Yes,255
7,1498,2025-01-02T09:19:32Z,Hallwood,Hallwood 2 RL,Continue trapping,32312,Chinook salmon,Fall,Natural,Fry,32.0,,1,Yes,255
7,1498,2025-01-02T09:19:32Z,Hallwood,Hallwood 2 RL,Continue trapping,32313,Chinook salmon,Fall,Natural,Fry,35.0,,1,Yes,255
7,1498,2025-01-02T09:19:32Z,Hallwood,Hallwood 2 RL,Continue trapping,32314,Chinook salmon,Fall,Natural,Fry,33.0,,1,Yes,255
7,1498,2025-01-02T09:19:32Z,Hallwood,Hallwood 2 RL,Continue trapping,32303,Sacramento sucker,Not recorded,Natural,Not recorded,52.0,,1,Yes,255
7,1491,2025-01-02T09:19:53Z,Hallwood,Hallwood 1 RR,Continue trapping,32118,Chinook salmon,Fall,Natural,Fry,35.0,,1,Yes,255
7,1491,2025-01-02T09:19:53Z,Hallwood,Hallwood 1 RR,Continue trapping,32129,Chinook salmon,Fall,Natural,Fry,35.0,,1,Yes,255
7,1491,2025-01-02T09:19:53Z,Hallwood,Hallwood 1 RR,Continue trapping,32122,Chinook salmon,Fall,Natural,Fry,32.0,,1,Yes,255
7,1491,2025-01-02T09:19:53Z,Hallwood,Hallwood 1 RR,Continue trapping,32117,Chinook salmon,Fall,Natural,Fry,31.0,,1,Yes,255
7,1491,2025-01-02T09:19:53Z,Hallwood,Hallwood 1 RR,Continue trapping,32119,Chinook salmon,Fall,Natural,Fry,35.0,,1,Yes,255
7,1491,2025-01-02T09:19:53Z,Hallwood,Hallwood 1 RR,Continue trapping,32121,Chinook salmon,Fall,Natural,Fry,35.0,,1,Yes,255
7,1491,2025-01-02T09:19:53Z,Hallwood,Hallwood 1 RR,Continue trapping,32120,Chinook salmon,Fall,Natural,Fry,31.0,,1,Yes,255
7,1491,2025-01-02T09:19:53Z,Hallwood,Hallwood 1 RR,Continue trapping,32132,Chinook salmon,Fall,Natural,Fry,35.0,,1,Yes,255
7,1491,2025-01-02T09:19:53Z,Hallwood,Hallwood 1 RR,Continue trapping,32115,Chinook salmon,Fall,Natural,Fry,36.0,,1,Yes,255
7,1491,2025-01-02T09:19:53Z,Hallwood,Hallwood 1 RR,Continue trapping,32130,Chinook salmon,Fall,Natural,Fry,33.0,,1,Yes,255
7,1491,2025-01-02T09:19:53Z,Hallwood,Hallwood 1 RR,Continue trapping,32114,Chinook salmon,Fall,Natural,Fry,40.0,,1,Yes,255
7,1491,2025-01-02T09:19:53Z,Hallwood,Hallwood 1 RR,Continue trapping,32128,Chinook salmon,Fall,Natural,Fry,33.0,,1,Yes,255
7,1491,2025-01-02T09:19:53Z,Hallwood,Hallwood 1 RR,Continue trapping,32127,Chinook salmon,Fall,Natural,Fry,35.0,,1,Yes,255
7,1491,2025-01-02T09:19:53Z,Hallwood,Hallwood 1 RR,Continue trapping,32126,Chinook salmon,Fall,Natural,Fry,32.0,,1,Yes,255
7,1491,2025-01-02T09:19:53Z,Hallwood,Hallwood 1 RR,Continue trapping,32125,Chinook salmon,Fall,Natural,Fry,35.0,,1,Yes,255
7,1491,2025-01-02T09:19:53Z,Hallwood,Hallwood 1 RR,Continue trapping,32124,Chinook salmon,Fall,Natural,Fry,37.0,,1,Yes,255
7,1491,2025-01-02T09:19:53Z,Hallwood,Hallwood 1 RR,Continue trapping,32123,Chinook salmon,Fall,Natural,Fry,34.0,,1,Yes,255
7,1491,2025-01-02T09:19:53Z,Hallwood,Hallwood 1 RR,Continue trapping,32131,Chinook salmon,Fall,Natural,Fry,34.0,,1,Yes,255
7,1491,2025-01-02T09:19:53Z,Hallwood,Hallwood 1 RR,Continue trapping,32113,Chinook salmon,Fall,Natural,Fry,39.0,,1,Yes,255
7,1491,2025-01-02T09:19:53Z,Hallwood,Hallwood 1 RR,Continue trapping,32112,Unknown sculpin (Cottus),Not recorded,Natural,Not recorded,,39.0,1,Yes,255
7,1491,2025-01-02T09:19:53Z,Hallwood,Hallwood 1 RR,Continue trapping,32116,Chinook salmon,Fall,Natural,Fry,34.0,,1,Yes,255
7,1499,2025-01-03T10:05:35Z,Hallwood,Hallwood 2 RL,Continue trapping,32325,Chinook salmon,Fall,Natural,Fry,36.0,,1,Yes,255
7,1499,2025-01-03T10:05:35Z,Hallwood,Hallwood 2 RL,Continue trapping,32316,Sacramento pikeminnow,Not recorded,Natural,Not recorded,27.0,,1,Yes,255
7,1499,2025-01-03T10:05:35Z,Hallwood,Hallwood 2 RL,Continue trapping,32317,Chinook salmon,Fall,Natural,Fry,39.0,,1,Yes,255
7,1499,2025-01-03T10:05:35Z,Hallwood,Hallwood 2 RL,Continue trapping,32318,Chinook salmon,Fall,Natural,Fry,36.0,,1,Yes,255
7,1499,2025-01-03T10:05:35Z,Hallwood,Hallwood 2 RL,Continue trapping,32319,Chinook salmon,Fall,Natural,Fry,35.0,,1,Yes,255
7,1499,2025-01-03T10:05:35Z,Hallwood,Hallwood 2 RL,Continue trapping,32320,Chinook salmon,Fall,Natural,Fry,37.0,,1,Yes,255
7,1499,2025-01-03T10:05:35Z,Hallwood,Hallwood 2 RL,Continue trapping,32321,Chinook salmon,Fall,Natural,Fry,35.0,,1,Yes,255
7,1499,2025-01-03T10:05:35Z,Hallwood,Hallwood 2 RL,Continue trapping,32322,Chinook salmon,Fall,Natural,Fry,36.0,,1,Yes,255
7,1499,2025-01-03T10:05:35Z,Hallwood,Hallwood 2 RL,Continue trapping,32324,Chinook salmon,Fall,Natural,Fry,33.0,,1,Yes,255
7,1499,2025-01-03T10:05:35Z,Hallwood,Hallwood 2 RL,Continue trapping,32326,Chinook salmon,Fall,Natural,Fry,34.0,,1,Yes,255
7,1499,2025-01-03T10:05:35Z,Hallwood,Hallwood 2 RL,Continue trapping,32327,Chinook salmon,Fall,Natural,Fry,35.0,,1,Yes,255
7,1499,2025-01-03T10:05:35Z,Hallwood,Hallwood 2 RL,Continue trapping,32315,Sacramento sucker,Not recorded,Natural,Not recorded,61.0,,1,Yes,255
7,1499,2025-01-03T10:05:35Z,Hallwood,Hallwood 2 RL,Continue trapping,32328,Chinook salmon,Fall,Natural,Fry,39.0,,1,Yes,255
7,1499,2025-01-03T10:05:35Z,Hallwood,Hallwood 2 RL,Continue trapping,32329,Chinook salmon,Fall,Natural,Fry,36.0,,1,Yes,255
7,1499,2025-01-03T10:05:35Z,Hallwood,Hallwood 2 RL,Continue trapping,32323,Chinook salmon,Fall,Natural,Fry,38.0,,1,Yes,255
7,1492,2025-01-03T10:05:49Z,Hallwood,Hallwood 1 RR,Continue trapping,32135,Chinook salmon,Fall,Natural,Fry,34.0,,1,Yes,255
7,1492,2025-01-03T10:05:49Z,Hallwood,Hallwood 1 RR,Continue trapping,32134,Chinook salmon,Fall,Natural,Fry,37.0,,1,Yes,255
7,1492,2025-01-03T10:05:49Z,Hallwood,Hallwood 1 RR,Continue trapping,32136,Chinook salmon,Fall,Natural,Fry,37.0,,1,Yes,255
7,1492,2025-01-03T10:05:49Z,Hallwood,Hallwood 1 RR,Continue trapping,32137,Chinook salmon,Fall,Natural,Fry,36.0,,1,Yes,255
7,1492,2025-01-03T10:05:49Z,Hallwood,Hallwood 1 RR,Continue trapping,32138,Chinook salmon,Fall,Natural,Fry,38.0,,1,Yes,255
7,1492,2025-01-03T10:05:49Z,Hallwood,Hallwood 1 RR,Continue trapping,32139,Chinook salmon,Fall,Natural,Fry,35.0,,1,Yes,255
7,1492,2025-01-03T10:05:49Z,Hallwood,Hallwood 1 RR,Continue trapping,32140,Chinook salmon,Fall,Natural,Fry,36.0,,1,Yes,255
7,1492,2025-01-03T10:05:49Z,Hallwood,Hallwood 1 RR,Continue trapping,32141,Chinook salmon,Fall,Natural,Fry,37.0,,1,Yes,255
7,1492,2025-01-03T10:05:49Z,Hallwood,Hallwood 1 RR,Continue trapping,32142,Chinook salmon,Fall,Natural,Fry,35.0,,1,Yes,255
7,1492,2025-01-03T10:05:49Z,Hallwood,Hallwood 1 RR,Continue trapping,32133,Sacramento pikeminnow,Not recorded,Natural,Not recorded,52.0,,1,Yes,255
7,1500,2025-01-04T09:43:22Z,Hallwood,Hallwood 2 RL,Continue trapping,32345,Chinook salmon,Fall,Natural,Fry,30.0,,1,Yes,255
7,1500,2025-01-04T09:43:22Z,Hallwood,Hallwood 2 RL,Continue trapping,32334,Chinook salmon,Fall,Natural,Fry,36.0,,1,Yes,255
7,1500,2025-01-04T09:43:22Z,Hallwood,Hallwood 2 RL,Continue trapping,32343,Chinook salmon,Fall,Natural,Fry,30.0,,1,Yes,255
7,1500,2025-01-04T09:43:22Z,Hallwood,Hallwood 2 RL,Continue trapping,32376,Chinook salmon,Fall,Natural,Unbuttoned fry,34.0,,1,Yes,255
7,1500,2025-01-04T09:43:22Z,Hallwood,Hallwood 2 RL,Continue trapping,32377,Chinook salmon,Fall,Natural,Fry,35.0,,1,Yes,255
7,1500,2025-01-04T09:43:22Z,Hallwood,Hallwood 2 RL,Continue trapping,32378,Chinook salmon,Fall,Natural,Fry,40.0,,1,Yes,255
7,1500,2025-01-04T09:43:22Z,Hallwood,Hallwood 2 RL,Continue trapping,32379,Chinook salmon,Fall,Natural,Fry,35.0,,1,Yes,255
7,1500,2025-01-04T09:43:22Z,Hallwood,Hallwood 2 RL,Continue trapping,32380,Chinook salmon,Fall,Natural,Fry,35.0,,1,Yes,255
7,1500,2025-01-04T09:43:22Z,Hallwood,Hallwood 2 RL,Continue trapping,32381,Chinook salmon,Fall,Natural,Fry,34.0,,1,Yes,255
7,1500,2025-01-04T09:43:22Z,Hallwood,Hallwood 2 RL,Continue trapping,32382,Chinook salmon,Fall,Natural,Fry,35.0,,1,Yes,255
7,1500,2025-01-04T09:43:22Z,Hallwood,Hallwood 2 RL,Continue trapping,32347,Chinook salmon,Fall,Natural,Fry,33.0,,1,Yes,255
7,1500,2025-01-04T09:43:22Z,Hallwood,Hallwood 2 RL,Continue trapping,32331,Pacific lamprey,Not recorded,Natural,Not recorded,,115.0,1,Yes,255
7,1500,2025-01-04T09:43:22Z,Hallwood,Hallwood 2 RL,Continue trapping,32374,Chinook salmon,Fall,Natural,Fry,35.0,,1,Yes,255
7,1500,2025-01-04T09:43:22Z,Hallwood,Hallwood 2 RL,Continue trapping,32333,Chinook salmon,Fall,Natural,Fry,30.0,,1,Yes,255
7,1500,2025-01-04T09:43:22Z,Hallwood,Hallwood 2 RL,Continue trapping,32373,Chinook salmon,Fall,Natural,Fry,34.0,,1,Yes,255
7,1500,2025-01-04T09:43:22Z,Hallwood,Hallwood 2 RL,Continue trapping,32335,Chinook salmon,Fall,Natural,Fry,32.0,,1,Yes,255
7,1500,2025-01-04T09:43:22Z,Hallwood,Hallwood 2 RL,Continue trapping,32336,Chinook salmon,Fall,Natural,Fry,33.0,,1,Yes,255
7,1500,2025-01-04T09:43:22Z,Hallwood,Hallwood 2 RL,Continue trapping,32337,Chinook salmon,Fall,Natural,Fry,36.0,,1,Yes,255
7,1500,2025-01-04T09:43:22Z,Hallwood,Hallwood 2 RL,Continue trapping,32338,Chinook salmon,Fall,Natural,Fry,35.0,,1,Yes,255
7,1500,2025-01-04T09:43:22Z,Hallwood,Hallwood 2 RL,Continue trapping,32339,Chinook salmon,Fall,Natural,Fry,33.0,,1,Yes,255
7,1500,2025-01-04T09:43:22Z,Hallwood,Hallwood 2 RL,Continue trapping,32340,Chinook salmon,Fall,Natural,Fry,34.0,,1,Yes,255
7,1500,2025-01-04T09:43:22Z,Hallwood,Hallwood 2 RL,Continue trapping,32341,Chinook salmon,Fall,Natural,Fry,40.0,,1,Yes,255
7,1500,2025-01-04T09:43:22Z,Hallwood,Hallwood 2 RL,Continue trapping,32342,Chinook salmon,Fall,Natural,Fry,38.0,,1,Yes,255
7,1500,2025-01-04T09:43:22Z,Hallwood,Hallwood 2 RL,Continue trapping,32344,Chinook salmon,Fall,Natural,Fry,29.0,,1,Yes,255
7,1500,2025-01-04T09:43:22Z,Hallwood,Hallwood 2 RL,Continue trapping,32346,Chinook salmon,Fall,Natural,Fry,35.0,,1,Yes,255
7,1500,2025-01-04T09:43:22Z,Hallwood,Hallwood 2 RL,Continue trapping,32383,Chinook salmon,Fall,Natural,Not recorded,,,27,Yes,255
7,1500,2025-01-04T09:43:22Z,Hallwood,Hallwood 2 RL,Continue trapping,32332,Riffle sculpin,Not recorded,Natural,Not recorded,,80.0,1,Yes,255
7,1500,2025-01-04T09:43:22Z,Hallwood,Hallwood 2 RL,Continue trapping,32361,Chinook salmon,Fall,Natural,Fry,34.0,,1,Yes,255
7,1500,2025-01-04T09:43:22Z,Hallwood,Hallwood 2 RL,Continue trapping,32349,Chinook salmon,Fall,Natural,Fry,35.0,,1,Yes,255
7,1500,2025-01-04T09:43:22Z,Hallwood,Hallwood 2 RL,Continue trapping,32350,Chinook salmon,Fall,Natural,Fry,34.0,,1,Yes,255
7,1500,2025-01-04T09:43:22Z,Hallwood,Hallwood 2 RL,Continue trapping,32351,Chinook salmon,Fall,Natural,Fry,32.0,,1,Yes,255
7,1500,2025-01-04T09:43:22Z,Hallwood,Hallwood 2 RL,Continue trapping,32352,Chinook salmon,Fall,Natural,Fry,33.0,,1,Yes,255
7,1500,2025-01-04T09:43:22Z,Hallwood,Hallwood 2 RL,Continue trapping,32353,Chinook salmon,Fall,Natural,Fry,34.0,,1,Yes,255
7,1500,2025-01-04T09:43:22Z,Hallwood,Hallwood 2 RL,Continue trapping,32354,Chinook salmon,Fall,Natural,Fry,35.0,,1,Yes,255
7,1500,2025-01-04T09:43:22Z,Hallwood,Hallwood 2 RL,Continue trapping,32355,Chinook salmon,Fall,Natural,Fry,33.0,,1,Yes,255
7,1500,2025-01-04T09:43:22Z,Hallwood,Hallwood 2 RL,Continue trapping,32356,Chinook salmon,Fall,Natural,Fry,35.0,,1,Yes,255
7,1500,2025-01-04T09:43:22Z,Hallwood,Hallwood 2 RL,Continue trapping,32357,Chinook salmon,Fall,Natural,Fry,33.0,,1,Yes,255
7,1500,2025-01-04T09:43:22Z,Hallwood,Hallwood 2 RL,Continue trapping,32358,Chinook salmon,Fall,Natural,Fry,35.0,,1,Yes,255
7,1500,2025-01-04T09:43:22Z,Hallwood,Hallwood 2 RL,Continue trapping,32375,Chinook salmon,Fall,Natural,Fry,35.0,,1,Yes,255
7,1500,2025-01-04T09:43:22Z,Hallwood,Hallwood 2 RL,Continue trapping,32360,Chinook salmon,Fall,Natural,Fry,32.0,,1,Yes,255
7,1500,2025-01-04T09:43:22Z,Hallwood,Hallwood 2 RL,Continue trapping,32348,Chinook salmon,Fall,Natural,Fry,39.0,,1,Yes,255
7,1500,2025-01-04T09:43:22Z,Hallwood,Hallwood 2 RL,Continue trapping,32362,Chinook salmon,Fall,Natural,Fry,34.0,,1,Yes,255
7,1500,2025-01-04T09:43:22Z,Hallwood,Hallwood 2 RL,Continue trapping,32363,Chinook salmon,Fall,Natural,Fry,34.0,,1,Yes,255
7,1500,2025-01-04T09:43:22Z,Hallwood,Hallwood 2 RL,Continue trapping,32364,Chinook salmon,Fall,Natural,Fry,33.0,,1,Yes,255
7,1500,2025-01-04T09:43:22Z,Hallwood,Hallwood 2 RL,Continue trapping,32365,Chinook salmon,Fall,Natural,Fry,36.0,,1,Yes,255
7,1500,2025-01-04T09:43:22Z,Hallwood,Hallwood 2 RL,Continue trapping,32366,Chinook salmon,Fall,Natural,Fry,37.0,,1,Yes,255
7,1500,2025-01-04T09:43:22Z,Hallwood,Hallwood 2 RL,Continue trapping,32367,Chinook salmon,Fall,Natural,Fry,35.0,,1,Yes,255
7,1500,2025-01-04T09:43:22Z,Hallwood,Hallwood 2 RL,Continue trapping,32368,Chinook salmon,Fall,Natural,Fry,32.0,,1,Yes,255
7,1500,2025-01-04T09:43:22Z,Hallwood,Hallwood 2 RL,Continue trapping,32369,Chinook salmon,Fall,Natural,Fry,35.0,,1,Yes,255
7,1500,2025-01-04T09:43:22Z,Hallwood,Hallwood 2 RL,Continue trapping,32370,Chinook salmon,Fall,Natural,Fry,34.0,,1,Yes,255
7,1500,2025-01-04T09:43:22Z,Hallwood,Hallwood 2 RL,Continue trapping,32371,Chinook salmon,Fall,Natural,Fry,37.0,,1,Yes,255
7,1500,2025-01-04T09:43:22Z,Hallwood,Hallwood 2 RL,Continue trapping,32372,Chinook salmon,Fall,Natural,Fry,34.0,,1,Yes,255
7,1500,2025-01-04T09:43:22Z,Hallwood,Hallwood 2 RL,Continue trapping,32359,Chinook salmon,Fall,Natural,Fry,30.0,,1,Yes,255
7,1493,2025-01-04T09:43:35Z,Hallwood,Hallwood 1 RR,Continue trapping,32167,Chinook salmon,Fall,Natural,Fry,34.0,,1,Yes,255
7,1493,2025-01-04T09:43:35Z,Hallwood,Hallwood 1 RR,Continue trapping,32152,Chinook salmon,Fall,Natural,Fry,33.0,,1,Yes,255
7,1493,2025-01-04T09:43:35Z,Hallwood,Hallwood 1 RR,Continue trapping,32162,Chinook salmon,Fall,Natural,Fry,33.0,,1,Yes,255
7,1493,2025-01-04T09:43:35Z,Hallwood,Hallwood 1 RR,Continue trapping,32161,Chinook salmon,Fall,Natural,Fry,32.0,,1,Yes,255
7,1493,2025-01-04T09:43:35Z,Hallwood,Hallwood 1 RR,Continue trapping,32160,Chinook salmon,Fall,Natural,Fry,31.0,,1,Yes,255
7,1493,2025-01-04T09:43:35Z,Hallwood,Hallwood 1 RR,Continue trapping,32159,Chinook salmon,Fall,Natural,Fry,35.0,,1,Yes,255
7,1493,2025-01-04T09:43:35Z,Hallwood,Hallwood 1 RR,Continue trapping,32158,Chinook salmon,Fall,Natural,Yolk sac fry (alevin),31.0,,1,Yes,255
7,1493,2025-01-04T09:43:35Z,Hallwood,Hallwood 1 RR,Continue trapping,32157,Chinook salmon,Fall,Natural,Yolk sac fry (alevin),30.0,,1,Yes,255
7,1493,2025-01-04T09:43:35Z,Hallwood,Hallwood 1 RR,Continue trapping,32156,Chinook salmon,Fall,Natural,Yolk sac fry (alevin),30.0,,1,Yes,255
7,1493,2025-01-04T09:43:35Z,Hallwood,Hallwood 1 RR,Continue trapping,32155,Chinook salmon,Fall,Natural,Fry,35.0,,1,Yes,255
7,1493,2025-01-04T09:43:35Z,Hallwood,Hallwood 1 RR,Continue trapping,32169,Chinook salmon,Fall,Natural,Fry,34.0,,1,Yes,255
7,1493,2025-01-04T09:43:35Z,Hallwood,Hallwood 1 RR,Continue trapping,32153,Chinook salmon,Fall,Natural,Fry,35.0,,1,Yes,255
7,1493,2025-01-04T09:43:35Z,Hallwood,Hallwood 1 RR,Continue trapping,32165,Chinook salmon,Fall,Natural,Fry,35.0,,1,Yes,255
7,1493,2025-01-04T09:43:35Z,Hallwood,Hallwood 1 RR,Continue trapping,32151,Chinook salmon,Fall,Natural,Fry,36.0,,1,Yes,255
7,1493,2025-01-04T09:43:35Z,Hallwood,Hallwood 1 RR,Continue trapping,32150,Chinook salmon,Fall,Natural,Fry,33.0,,1,Yes,255
7,1493,2025-01-04T09:43:35Z,Hallwood,Hallwood 1 RR,Continue trapping,32149,Unknown sunfish (Lepomis),Not recorded,Natural,Not recorded,25.0,,1,Yes,255
7,1493,2025-01-04T09:43:35Z,Hallwood,Hallwood 1 RR,Continue trapping,32148,Sacramento sucker,Not recorded,Natural,Not recorded,44.0,,1,Yes,255
7,1493,2025-01-04T09:43:35Z,Hallwood,Hallwood 1 RR,Continue trapping,32147,Pacific lamprey,Not recorded,Natural,Not recorded,,152.0,1,Yes,255
7,1493,2025-01-04T09:43:35Z,Hallwood,Hallwood 1 RR,Continue trapping,32146,Pacific lamprey,Not recorded,Natural,Not recorded,,105.0,1,Yes,255
7,1493,2025-01-04T09:43:35Z,Hallwood,Hallwood 1 RR,Continue trapping,32145,Pacific lamprey,Not recorded,Natural,Not recorded,,121.0,1,Yes,255
7,1493,2025-01-04T09:43:35Z,Hallwood,Hallwood 1 RR,Continue trapping,32144,Unknown lamprey (Entosphenus or Lampetra),Not recorded,Natural,Not recorded,,100.0,1,Yes,255
7,1493,2025-01-04T09:43:35Z,Hallwood,Hallwood 1 RR,Continue trapping,32143,Unknown lamprey (Entosphenus or Lampetra),Not recorded,Natural,Not recorded,,72.0,1,Yes,255
7,1493,2025-01-04T09:43:35Z,Hallwood,Hallwood 1 RR,Continue trapping,32154,Chinook salmon,Fall,Natural,Fry,34.0,,1,Yes,255
7,1493,2025-01-04T09:43:35Z,Hallwood,Hallwood 1 RR,Continue trapping,32175,Chinook salmon,Fall,Natural,Fry,36.0,,1,Yes,255
7,1493,2025-01-04T09:43:35Z,Hallwood,Hallwood 1 RR,Continue trapping,32186,Chinook salmon,Fall,Natural,Fry,34.0,,1,Yes,255
7,1493,2025-01-04T09:43:35Z,Hallwood,Hallwood 1 RR,Continue trapping,32185,Chinook salmon,Fall,Natural,Fry,34.0,,1,Yes,255
7,1493,2025-01-04T09:43:35Z,Hallwood,Hallwood 1 RR,Continue trapping,32184,Chinook salmon,Fall,Natural,Fry,33.0,,1,Yes,255
7,1493,2025-01-04T09:43:35Z,Hallwood,Hallwood 1 RR,Continue trapping,32183,Chinook salmon,Fall,Natural,Fry,36.0,,1,Yes,255
7,1493,2025-01-04T09:43:35Z,Hallwood,Hallwood 1 RR,Continue trapping,32182,Chinook salmon,Fall,Natural,Fry,36.0,,1,Yes,255
7,1493,2025-01-04T09:43:35Z,Hallwood,Hallwood 1 RR,Continue trapping,32181,Chinook salmon,Fall,Natural,Fry,33.0,,1,Yes,255
7,1493,2025-01-04T09:43:35Z,Hallwood,Hallwood 1 RR,Continue trapping,32180,Chinook salmon,Fall,Natural,Fry,34.0,,1,Yes,255
7,1493,2025-01-04T09:43:35Z,Hallwood,Hallwood 1 RR,Continue trapping,32179,Chinook salmon,Fall,Natural,Fry,33.0,,1,Yes,255
7,1493,2025-01-04T09:43:35Z,Hallwood,Hallwood 1 RR,Continue trapping,32178,Chinook salmon,Fall,Natural,Fry,32.0,,1,Yes,255
7,1493,2025-01-04T09:43:35Z,Hallwood,Hallwood 1 RR,Continue trapping,32163,Chinook salmon,Fall,Natural,Fry,34.0,,1,Yes,255
7,1493,2025-01-04T09:43:35Z,Hallwood,Hallwood 1 RR,Continue trapping,32176,Chinook salmon,Fall,Natural,Fry,35.0,,1,Yes,255
7,1493,2025-01-04T09:43:35Z,Hallwood,Hallwood 1 RR,Continue trapping,32164,Chinook salmon,Fall,Natural,Fry,34.0,,1,Yes,255
7,1493,2025-01-04T09:43:35Z,Hallwood,Hallwood 1 RR,Continue trapping,32174,Chinook salmon,Fall,Natural,Fry,34.0,,1,Yes,255
7,1493,2025-01-04T09:43:35Z,Hallwood,Hallwood 1 RR,Continue trapping,32173,Chinook salmon,Fall,Natural,Fry,35.0,,1,Yes,255
7,1493,2025-01-04T09:43:35Z,Hallwood,Hallwood 1 RR,Continue trapping,32172,Chinook salmon,Fall,Natural,Fry,33.0,,1,Yes,255
7,1493,2025-01-04T09:43:35Z,Hallwood,Hallwood 1 RR,Continue trapping,32171,Chinook salmon,Fall,Natural,Fry,31.0,,1,Yes,255
7,1493,2025-01-04T09:43:35Z,Hallwood,Hallwood 1 RR,Continue trapping,32170,Chinook salmon,Fall,Natural,Fry,34.0,,1,Yes,255
7,1493,2025-01-04T09:43:35Z,Hallwood,Hallwood 1 RR,Continue trapping,32168,Chinook salmon,Fall,Natural,Fry,35.0,,1,Yes,255
7,1493,2025-01-04T09:43:35Z,Hallwood,Hallwood 1 RR,Continue trapping,32166,Chinook salmon,Fall,Natural,Fry,38.0,,1,Yes,255
7,1493,2025-01-04T09:43:35Z,Hallwood,Hallwood 1 RR,Continue trapping,32187,Chinook salmon,Fall,Natural,Fry,33.0,,1,Yes,255
7,1493,2025-01-04T09:43:35Z,Hallwood,Hallwood 1 RR,Continue trapping,32177,Chinook salmon,Fall,Natural,Fry,34.0,,1,Yes,255
7,1494,2025-01-05T09:50:04Z,Hallwood,Hallwood 1 RR,Continue trapping,32188,Unknown lamprey (Entosphenus or Lampetra),Not recorded,Natural,Not recorded,,103.0,1,Yes,255
7,1494,2025-01-05T09:50:04Z,Hallwood,Hallwood 1 RR,Continue trapping,32196,Chinook salmon,Fall,Natural,Fry,33.0,,1,Yes,255
7,1494,2025-01-05T09:50:04Z,Hallwood,Hallwood 1 RR,Continue trapping,32204,Chinook salmon,Fall,Natural,Fry,33.0,,1,Yes,255
7,1494,2025-01-05T09:50:04Z,Hallwood,Hallwood 1 RR,Continue trapping,32203,Chinook salmon,Fall,Natural,Fry,34.0,,1,Yes,255
7,1494,2025-01-05T09:50:04Z,Hallwood,Hallwood 1 RR,Continue trapping,32201,Chinook salmon,Fall,Natural,Fry,31.0,,1,Yes,255
7,1494,2025-01-05T09:50:04Z,Hallwood,Hallwood 1 RR,Continue trapping,32190,Hardhead,Not recorded,Natural,Not recorded,38.0,,1,Yes,255
7,1494,2025-01-05T09:50:04Z,Hallwood,Hallwood 1 RR,Continue trapping,32199,Chinook salmon,Fall,Natural,Fry,32.0,,1,Yes,255
7,1494,2025-01-05T09:50:04Z,Hallwood,Hallwood 1 RR,Continue trapping,32205,Chinook salmon,Fall,Natural,Fry,33.0,,1,Yes,255
7,1494,2025-01-05T09:50:04Z,Hallwood,Hallwood 1 RR,Continue trapping,32197,Chinook salmon,Fall,Natural,Fry,33.0,,1,Yes,255
7,1494,2025-01-05T09:50:04Z,Hallwood,Hallwood 1 RR,Continue trapping,32202,Chinook salmon,Fall,Natural,Fry,35.0,,1,Yes,255
7,1494,2025-01-05T09:50:04Z,Hallwood,Hallwood 1 RR,Continue trapping,32195,Chinook salmon,Fall,Natural,Fry,36.0,,1,Yes,255
7,1494,2025-01-05T09:50:04Z,Hallwood,Hallwood 1 RR,Continue trapping,32194,Chinook salmon,Fall,Natural,Fry,38.0,,1,Yes,255
7,1494,2025-01-05T09:50:04Z,Hallwood,Hallwood 1 RR,Continue trapping,32193,Chinook salmon,Fall,Natural,Fry,36.0,,1,Yes,255
7,1494,2025-01-05T09:50:04Z,Hallwood,Hallwood 1 RR,Continue trapping,32192,Chinook salmon,Spring,Natural,Parr,50.0,,1,Yes,255
7,1494,2025-01-05T09:50:04Z,Hallwood,Hallwood 1 RR,Continue trapping,32191,Chinook salmon,Spring,Natural,Parr,46.0,,1,Yes,255
7,1494,2025-01-05T09:50:04Z,Hallwood,Hallwood 1 RR,Continue trapping,32189,Unknown lamprey (Entosphenus or Lampetra),Not recorded,Natural,Not recorded,,102.0,1,Yes,255
7,1494,2025-01-05T09:50:04Z,Hallwood,Hallwood 1 RR,Continue trapping,32198,Chinook salmon,Fall,Natural,Fry,35.0,,1,Yes,255
7,1494,2025-01-05T09:50:04Z,Hallwood,Hallwood 1 RR,Continue trapping,32212,Chinook salmon,Fall,Natural,Fry,37.0,,1,Yes,255
7,1494,2025-01-05T09:50:04Z,Hallwood,Hallwood 1 RR,Continue trapping,32200,Chinook salmon,Fall,Natural,Fry,32.0,,1,Yes,255
7,1494,2025-01-05T09:50:04Z,Hallwood,Hallwood 1 RR,Continue trapping,32206,Chinook salmon,Fall,Natural,Fry,37.0,,1,Yes,255
7,1494,2025-01-05T09:50:04Z,Hallwood,Hallwood 1 RR,Continue trapping,32213,Chinook salmon,Fall,Natural,Fry,36.0,,1,Yes,255
7,1494,2025-01-05T09:50:04Z,Hallwood,Hallwood 1 RR,Continue trapping,32211,Chinook salmon,Fall,Natural,Fry,32.0,,1,Yes,255
7,1494,2025-01-05T09:50:04Z,Hallwood,Hallwood 1 RR,Continue trapping,32210,Chinook salmon,Fall,Natural,Fry,33.0,,1,Yes,255
7,1494,2025-01-05T09:50:04Z,Hallwood,Hallwood 1 RR,Continue trapping,32209,Chinook salmon,Fall,Natural,Fry,38.0,,1,Yes,255
7,1494,2025-01-05T09:50:04Z,Hallwood,Hallwood 1 RR,Continue trapping,32208,Chinook salmon,Fall,Natural,Fry,37.0,,1,Yes,255
7,1494,2025-01-05T09:50:04Z,Hallwood,Hallwood 1 RR,Continue trapping,32207,Chinook salmon,Fall,Natural,Fry,39.0,,1,Yes,255
7,1501,2025-01-05T09:53:41Z,Hallwood,Hallwood 2 RL,Continue trapping,32389,Chinook salmon,Fall,Natural,Fry,39.0,,1,Yes,255
7,1501,2025-01-05T09:53:41Z,Hallwood,Hallwood 2 RL,Continue trapping,32396,Chinook salmon,Fall,Natural,Fry,37.0,,1,Yes,255
7,1501,2025-01-05T09:53:41Z,Hallwood,Hallwood 2 RL,Continue trapping,32400,Chinook salmon,Fall,Natural,Fry,35.0,,1,Yes,255
7,1501,2025-01-05T09:53:41Z,Hallwood,Hallwood 2 RL,Continue trapping,32387,Chinook salmon,Fall,Natural,Fry,38.0,,1,Yes,255
7,1501,2025-01-05T09:53:41Z,Hallwood,Hallwood 2 RL,Continue trapping,32386,Chinook salmon,Fall,Natural,Fry,37.0,,1,Yes,255
7,1501,2025-01-05T09:53:41Z,Hallwood,Hallwood 2 RL,Continue trapping,32385,Chinook salmon,Fall,Natural,Fry,32.0,,1,Yes,255
7,1501,2025-01-05T09:53:41Z,Hallwood,Hallwood 2 RL,Continue trapping,32384,Chinook salmon,Fall,Natural,Fry,32.0,,1,Yes,255
7,1501,2025-01-05T09:53:41Z,Hallwood,Hallwood 2 RL,Continue trapping,32388,Chinook salmon,Fall,Natural,Yolk sac fry (alevin),30.0,,1,Yes,255
7,1501,2025-01-05T09:53:41Z,Hallwood,Hallwood 2 RL,Continue trapping,32392,Chinook salmon,Fall,Natural,Fry,37.0,,1,Yes,255
7,1501,2025-01-05T09:53:41Z,Hallwood,Hallwood 2 RL,Continue trapping,32390,Chinook salmon,Fall,Natural,Fry,39.0,,1,Yes,255
7,1501,2025-01-05T09:53:41Z,Hallwood,Hallwood 2 RL,Continue trapping,32393,Chinook salmon,Fall,Natural,Fry,31.0,,1,Yes,255
7,1501,2025-01-05T09:53:41Z,Hallwood,Hallwood 2 RL,Continue trapping,32395,Chinook salmon,Fall,Natural,Fry,35.0,,1,Yes,255
7,1501,2025-01-05T09:53:41Z,Hallwood,Hallwood 2 RL,Continue trapping,32397,Chinook salmon,Fall,Natural,Fry,38.0,,1,Yes,255
7,1501,2025-01-05T09:53:41Z,Hallwood,Hallwood 2 RL,Continue trapping,32398,Chinook salmon,Fall,Natural,Fry,37.0,,1,Yes,255
7,1501,2025-01-05T09:53:41Z,Hallwood,Hallwood 2 RL,Continue trapping,32399,Chinook salmon,Fall,Natural,Fry,36.0,,1,Yes,255
7,1501,2025-01-05T09:53:41Z,Hallwood,Hallwood 2 RL,Continue trapping,32391,Chinook salmon,Fall,Natural,Fry,37.0,,1,Yes,255
7,1501,2025-01-05T09:53:41Z,Hallwood,Hallwood 2 RL,Continue trapping,32394,Chinook salmon,Fall,Natural,Fry,35.0,,1,Yes,255
7,1495,2025-01-06T10:27:57Z,Hallwood,Hallwood 1 RR,Continue trapping,32218,Chinook salmon,Fall,Natural,Fry,34.0,,1,Yes,255
7,1495,2025-01-06T10:27:57Z,Hallwood,Hallwood 1 RR,Continue trapping,32215,Sacramento sucker,Not recorded,Natural,Not recorded,114.0,,1,Yes,255
7,1495,2025-01-06T10:27:57Z,Hallwood,Hallwood 1 RR,Continue trapping,32224,Chinook salmon,Fall,Natural,Fry,34.0,,1,Yes,255
7,1495,2025-01-06T10:27:57Z,Hallwood,Hallwood 1 RR,Continue trapping,32214,Riffle sculpin,Not recorded,Natural,Not recorded,,93.0,1,Yes,255
7,1495,2025-01-06T10:27:57Z,Hallwood,Hallwood 1 RR,Continue trapping,32216,Sacramento sucker,Not recorded,Natural,Not recorded,83.0,,1,Yes,255
7,1495,2025-01-06T10:27:57Z,Hallwood,Hallwood 1 RR,Continue trapping,32217,Chinook salmon,Fall,Natural,Fry,37.0,,1,Yes,255
7,1495,2025-01-06T10:27:57Z,Hallwood,Hallwood 1 RR,Continue trapping,32219,Chinook salmon,Fall,Natural,Fry,37.0,,1,Yes,255
7,1495,2025-01-06T10:27:57Z,Hallwood,Hallwood 1 RR,Continue trapping,32221,Chinook salmon,Fall,Natural,Fry,34.0,,1,Yes,255
7,1495,2025-01-06T10:27:57Z,Hallwood,Hallwood 1 RR,Continue trapping,32222,Chinook salmon,Fall,Natural,Fry,37.0,,1,Yes,255
7,1495,2025-01-06T10:27:57Z,Hallwood,Hallwood 1 RR,Continue trapping,32223,Chinook salmon,Fall,Natural,Fry,37.0,,1,Yes,255
7,1495,2025-01-06T10:27:57Z,Hallwood,Hallwood 1 RR,Continue trapping,32220,Chinook salmon,Fall,Natural,Fry,36.0,,1,Yes,255
7,1502,2025-01-06T10:31:16Z,Hallwood,Hallwood 2 RL,Continue trapping,32408,Chinook salmon,Fall,Natural,Fry,37.0,,1,Yes,255
7,1502,2025-01-06T10:31:16Z,Hallwood,Hallwood 2 RL,Continue trapping,32409,Chinook salmon,Fall,Natural,Fry,36.0,,1,Yes,255
7,1502,2025-01-06T10:31:16Z,Hallwood,Hallwood 2 RL,Continue trapping,32414,Chinook salmon,Fall,Natural,Fry,33.0,,1,Yes,255
7,1502,2025-01-06T10:31:16Z,Hallwood,Hallwood 2 RL,Continue trapping,32413,Chinook salmon,Fall,Natural,Fry,33.0,,1,Yes,255
7,1502,2025-01-06T10:31:16Z,Hallwood,Hallwood 2 RL,Continue trapping,32412,Chinook salmon,Fall,Natural,Fry,35.0,,1,Yes,255
7,1502,2025-01-06T10:31:16Z,Hallwood,Hallwood 2 RL,Continue trapping,32411,Chinook salmon,Fall,Natural,Fry,37.0,,1,Yes,255
7,1502,2025-01-06T10:31:16Z,Hallwood,Hallwood 2 RL,Continue trapping,32406,Chinook salmon,Fall,Natural,Fry,34.0,,1,Yes,255
7,1502,2025-01-06T10:31:16Z,Hallwood,Hallwood 2 RL,Continue trapping,32405,Chinook salmon,Fall,Natural,Fry,34.0,,1,Yes,255
7,1502,2025-01-06T10:31:16Z,Hallwood,Hallwood 2 RL,Continue trapping,32404,Chinook salmon,Fall,Natural,Fry,37.0,,1,Yes,255
7,1502,2025-01-06T10:31:16Z,Hallwood,Hallwood 2 RL,Continue trapping,32403,Chinook salmon,Fall,Natural,Fry,37.0,,1,Yes,255
7,1502,2025-01-06T10:31:16Z,Hallwood,Hallwood 2 RL,Continue trapping,32402,Chinook salmon,Fall,Natural,Fry,38.0,,1,Yes,255
7,1502,2025-01-06T10:31:16Z,Hallwood,Hallwood 2 RL,Continue trapping,32407,Chinook salmon,Fall,Natural,Fry,38.0,,1,Yes,255
7,1502,2025-01-06T10:31:16Z,Hallwood,Hallwood 2 RL,Continue trapping,32410,Chinook salmon,Fall,Natural,Fry,35.0,,1,Yes,255
7,1502,2025-01-06T10:31:16Z,Hallwood,Hallwood 2 RL,Continue trapping,32401,Chinook salmon,Fall,Natural,Fry,36.0,,1,Yes,255
7,1503,2025-01-07T10:15:46Z,Hallwood,Hallwood 1 RR,Continue trapping,32438,Chinook salmon,Fall,Natural,Fry,35.0,,1,Yes,255
7,1503,2025-01-07T10:15:46Z,Hallwood,Hallwood 1 RR,Continue trapping,32430,Chinook salmon,Fall,Natural,Fry,36.0,,1,Yes,255
7,1503,2025-01-07T10:15:46Z,Hallwood,Hallwood 1 RR,Continue trapping,32431,Chinook salmon,Fall,Natural,Fry,31.0,,1,Yes,255
7,1503,2025-01-07T10:15:46Z,Hallwood,Hallwood 1 RR,Continue trapping,32432,Chinook salmon,Fall,Natural,Fry,35.0,,1,Yes,255
7,1503,2025-01-07T10:15:46Z,Hallwood,Hallwood 1 RR,Continue trapping,32433,Chinook salmon,Fall,Natural,Fry,34.0,,1,Yes,255
7,1503,2025-01-07T10:15:46Z,Hallwood,Hallwood 1 RR,Continue trapping,32440,Chinook salmon,Fall,Natural,Fry,37.0,,1,Yes,255
7,1503,2025-01-07T10:15:46Z,Hallwood,Hallwood 1 RR,Continue trapping,32434,Chinook salmon,Fall,Natural,Fry,33.0,,1,Yes,255
7,1503,2025-01-07T10:15:46Z,Hallwood,Hallwood 1 RR,Continue trapping,32435,Chinook salmon,Fall,Natural,Fry,35.0,,1,Yes,255
7,1503,2025-01-07T10:15:46Z,Hallwood,Hallwood 1 RR,Continue trapping,32437,Chinook salmon,Fall,Natural,Fry,36.0,,1,Yes,255
7,1503,2025-01-07T10:15:46Z,Hallwood,Hallwood 1 RR,Continue trapping,32439,Chinook salmon,Fall,Natural,Fry,36.0,,1,Yes,255
7,1503,2025-01-07T10:15:46Z,Hallwood,Hallwood 1 RR,Continue trapping,32429,Chinook salmon,Fall,Natural,Fry,37.0,,1,Yes,255
7,1503,2025-01-07T10:15:46Z,Hallwood,Hallwood 1 RR,Continue trapping,32420,Chinook salmon,Fall,Natural,Fry,36.0,,1,Yes,255
7,1503,2025-01-07T10:15:46Z,Hallwood,Hallwood 1 RR,Continue trapping,32436,Chinook salmon,Fall,Natural,Fry,36.0,,1,Yes,255
7,1503,2025-01-07T10:15:46Z,Hallwood,Hallwood 1 RR,Continue trapping,32416,Sacramento pikeminnow,Not recorded,Natural,Not recorded,58.0,,1,Yes,255
7,1503,2025-01-07T10:15:46Z,Hallwood,Hallwood 1 RR,Continue trapping,32422,Chinook salmon,Fall,Natural,Fry,36.0,,1,Yes,255
7,1503,2025-01-07T10:15:46Z,Hallwood,Hallwood 1 RR,Continue trapping,32415,Sacramento sucker,Not recorded,Natural,Not recorded,60.0,,1,Yes,255
7,1503,2025-01-07T10:15:46Z,Hallwood,Hallwood 1 RR,Continue trapping,32428,Chinook salmon,Fall,Natural,Fry,34.0,,1,Yes,255
7,1503,2025-01-07T10:15:46Z,Hallwood,Hallwood 1 RR,Continue trapping,32417,Steelhead / rainbow trout,Not recorded,Natural,Not recorded,81.0,,1,Yes,255
7,1503,2025-01-07T10:15:46Z,Hallwood,Hallwood 1 RR,Continue trapping,32418,Chinook salmon,Fall,Natural,Fry,37.0,,1,Yes,255
7,1503,2025-01-07T10:15:46Z,Hallwood,Hallwood 1 RR,Continue trapping,32419,Chinook salmon,Fall,Natural,Fry,36.0,,1,Yes,255
7,1503,2025-01-07T10:15:46Z,Hallwood,Hallwood 1 RR,Continue trapping,32423,Chinook salmon,Fall,Natural,Fry,30.0,,1,Yes,255
7,1503,2025-01-07T10:15:46Z,Hallwood,Hallwood 1 RR,Continue trapping,32424,Chinook salmon,Fall,Natural,Fry,37.0,,1,Yes,255
7,1503,2025-01-07T10:15:46Z,Hallwood,Hallwood 1 RR,Continue trapping,32425,Chinook salmon,Fall,Natural,Fry,38.0,,1,Yes,255
7,1503,2025-01-07T10:15:46Z,Hallwood,Hallwood 1 RR,Continue trapping,32426,Chinook salmon,Fall,Natural,Fry,36.0,,1,Yes,255
7,1503,2025-01-07T10:15:46Z,Hallwood,Hallwood 1 RR,Continue trapping,32427,Chinook salmon,Fall,Natural,Fry,34.0,,1,Yes,255
7,1503,2025-01-07T10:15:46Z,Hallwood,Hallwood 1 RR,Continue trapping,32421,Chinook salmon,Fall,Natural,Fry,34.0,,1,Yes,255
7,1504,2025-01-07T10:18:20Z,Hallwood,Hallwood 2 RL,Continue trapping,32442,Chinook salmon,Fall,Natural,Fry,35.0,,1,Yes,255
7,1504,2025-01-07T10:18:20Z,Hallwood,Hallwood 2 RL,Continue trapping,32449,Chinook salmon,Fall,Natural,Fry,36.0,,1,Yes,255
7,1504,2025-01-07T10:18:20Z,Hallwood,Hallwood 2 RL,Continue trapping,32448,Chinook salmon,Fall,Natural,Fry,34.0,,1,Yes,255
7,1504,2025-01-07T10:18:20Z,Hallwood,Hallwood 2 RL,Continue trapping,32447,Chinook salmon,Fall,Natural,Fry,37.0,,1,Yes,255
7,1504,2025-01-07T10:18:20Z,Hallwood,Hallwood 2 RL,Continue trapping,32446,Chinook salmon,Fall,Natural,Fry,37.0,,1,Yes,255
7,1504,2025-01-07T10:18:20Z,Hallwood,Hallwood 2 RL,Continue trapping,32445,Chinook salmon,Fall,Natural,Fry,33.0,,1,Yes,255
7,1504,2025-01-07T10:18:20Z,Hallwood,Hallwood 2 RL,Continue trapping,32450,Chinook salmon,Fall,Natural,Fry,39.0,,1,Yes,255
7,1504,2025-01-07T10:18:20Z,Hallwood,Hallwood 2 RL,Continue trapping,32443,Chinook salmon,Fall,Natural,Fry,38.0,,1,Yes,255
7,1504,2025-01-07T10:18:20Z,Hallwood,Hallwood 2 RL,Continue trapping,32441,Chinook salmon,Fall,Natural,Fry,37.0,,1,Yes,255
7,1504,2025-01-07T10:18:20Z,Hallwood,Hallwood 2 RL,Continue trapping,32444,Chinook salmon,Fall,Natural,Fry,37.0,,1,Yes,255
